"Entity ID"	"Entity name"	"Entity synonym for RIT"	"EntityID path"	"Entity name path"	"Entity name path for RIT"	"Attribute ID"	"Short Description"	"Detailed Description"	"Attribute synonym for RIT"	
"24"	"Occurrence"	"Occurrence"	"24"	"Occurrence"	"Occurrence"	"85"	"Dew point"	"Dew point temperature"	"Dew_Point"	
"24"	"Occurrence"	"Occurrence"	"24"	"Occurrence"	"Occurrence"	"127"	"Weather conditions"	"Weather conditions"	"Wx_Conditions"	
"24"	"Occurrence"	"Occurrence"	"24"	"Occurrence"	"Occurrence"	"129"	"Dang goods involved"	"Dangerous goods involved"	"Dang_Goods_Involved"	
"24"	"Occurrence"	"Occurrence"	"24"	"Occurrence"	"Occurrence"	"140"	"Height of cloud base"	"Height of cloud base"	"Height_Of_Cloud_Base"	
"24"	"Occurrence"	"Occurrence"	"24"	"Occurrence"	"Occurrence"	"168"	"Light conditions"	"Light conditions"	"Light_Conditions"	
"24"	"Occurrence"	"Occurrence"	"24"	"Occurrence"	"Occurrence"	"176"	"Maximum gust"	"Maximum wind gust"	"Maximum_Gust"	
"24"	"Occurrence"	"Occurrence"	"24"	"Occurrence"	"Occurrence"	"266"	"Cloud amount"	"The amount of cloud"	"Cloud_Amount"	
"24"	"Occurrence"	"Occurrence"	"24"	"Occurrence"	"Occurrence"	"275"	"Speed measured at"	"Wind speed measured at"	"Speed_Measured_At"	
"24"	"Occurrence"	"Occurrence"	"24"	"Occurrence"	"Occurrence"	"287"	"Air temperature"	"Air temperature"	"Air_Temperature"	
"24"	"Occurrence"	"Occurrence"	"24"	"Occurrence"	"Occurrence"	"310"	"Visibility"	"Visibility"	"Visibility"	
"24"	"Occurrence"	"Occurrence"	"24"	"Occurrence"	"Occurrence"	"320"	"Wind direction"	"Wind direction"	"Wind_Direction"	
"24"	"Occurrence"	"Occurrence"	"24"	"Occurrence"	"Occurrence"	"321"	"Wind gusts"	"Wind gusts"	"Wind_Gusts"	
"24"	"Occurrence"	"Occurrence"	"24"	"Occurrence"	"Occurrence"	"322"	"Wind speed"	"Wind speed"	"Wind_Speed"	
"24"	"Occurrence"	"Occurrence"	"24"	"Occurrence"	"Occurrence"	"428"	"ATM contribution"	"ATM contribution"	"ATM_Contribution"	
"24"	"Occurrence"	"Occurrence"	"24"	"Occurrence"	"Occurrence"	"430"	"Occurrence category"	"Occurrence categories"	"Occurrence_Category"	
"24"	"Occurrence"	"Occurrence"	"24"	"Occurrence"	"Occurrence"	"431"	"Occurrence class"	"Occurrence class"	"Occurrence_Class"	
"24"	"Occurrence"	"Occurrence"	"24"	"Occurrence"	"Occurrence"	"432"	"Highest damage"	"Damage severity level"	"Highest_Damage"	
"24"	"Occurrence"	"Occurrence"	"24"	"Occurrence"	"Occurrence"	"433"	"Local date"	"Local date"	"Local_Date"	
"24"	"Occurrence"	"Occurrence"	"24"	"Occurrence"	"Occurrence"	"436"	"Effect on ATM service"	"Effect on ATM service"	"Effect_On_ATM_Service"	
"24"	"Occurrence"	"Occurrence"	"24"	"Occurrence"	"Occurrence"	"439"	"Latitude of occ"	"Latitude of occurrence"	"Latitude_Of_Occ"	
"24"	"Occurrence"	"Occurrence"	"24"	"Occurrence"	"Occurrence"	"440"	"Location name"	"Location of occurrence"	"Location_Name"	
"24"	"Occurrence"	"Occurrence"	"24"	"Occurrence"	"Occurrence"	"444"	"Longitude of occ"	"Longitude of occurrence"	"Longitude_Of_Occ"	
"24"	"Occurrence"	"Occurrence"	"24"	"Occurrence"	"Occurrence"	"448"	"Damage not to a/c"	"Damage on aerodrome"	"Damage_Not_To_A_C"	
"24"	"Occurrence"	"Occurrence"	"24"	"Occurrence"	"Occurrence"	"451"	"Injury level"	"Injury severity level"	"Injury_Level"	
"24"	"Occurrence"	"Occurrence"	"24"	"Occurrence"	"Occurrence"	"452"	"File number"	"The occurrence file number"	"File_Number"	
"24"	"Occurrence"	"Occurrence"	"24"	"Occurrence"	"Occurrence"	"453"	"Responsible entity"	"The identification of the type of entity that is responsible for the occurrence record."	"Responsible_Entity"	
"24"	"Occurrence"	"Occurrence"	"24"	"Occurrence"	"Occurrence"	"454"	"State/area of occ"	"State or area of occurrence"	"State_Area_Of_Occ"	
"24"	"Occurrence"	"Occurrence"	"24"	"Occurrence"	"Occurrence"	"455"	"Occurrence status"	"Occurrence status"	"Occurrence_Status"	
"24"	"Occurrence"	"Occurrence"	"24"	"Occurrence"	"Occurrence"	"456"	"Third party damage"	"Third party damage"	"Third_Party_Damage"	
"24"	"Occurrence"	"Occurrence"	"24"	"Occurrence"	"Occurrence"	"457"	"Local time"	"Local time"	"Local_Time"	
"24"	"Occurrence"	"Occurrence"	"24"	"Occurrence"	"Occurrence"	"460"	"Total fatalities ground"	"Total fatal injuries on ground"	"Total_Fatalities_Ground"	
"24"	"Occurrence"	"Occurrence"	"24"	"Occurrence"	"Occurrence"	"462"	"Total on board a/c"	"Number of persons on aircraft"	"Total_On_Board_A_C"	
"24"	"Occurrence"	"Occurrence"	"24"	"Occurrence"	"Occurrence"	"463"	"Total injuries-ground"	"Total injuries on ground"	"Total_Injuries-Ground"	
"24"	"Occurrence"	"Occurrence"	"24"	"Occurrence"	"Occurrence"	"469"	"Total minor injuries-ground"	"Total minor injuries on ground"	"Total_Minor_Injuries-Ground"	
"24"	"Occurrence"	"Occurrence"	"24"	"Occurrence"	"Occurrence"	"472"	"Total serious injuries-ground"	"Total serious injuries on ground"	"Total_Serious_Injuries-Ground"	
"24"	"Occurrence"	"Occurrence"	"24"	"Occurrence"	"Occurrence"	"477"	"UTC date"	"UTC date of the occurrence"	"UTC_Date"	
"24"	"Occurrence"	"Occurrence"	"24"	"Occurrence"	"Occurrence"	"478"	"UTC time"	"UTC time"	"UTC_Time"	
"24"	"Occurrence"	"Occurrence"	"24"	"Occurrence"	"Occurrence"	"601"	"Headline"	"Headline"	"Headline"	
"24"	"Occurrence"	"Occurrence"	"24"	"Occurrence"	"Occurrence"	"606"	"Weather relevant"	"Weather relevance"	"Weather_Relevant"	
"24"	"Occurrence"	"Occurrence"	"24"	"Occurrence"	"Occurrence"	"640"	"Object damaged"	"Object damaged by impact of the aircraft"	"Object_Damaged"	
"24"	"Occurrence"	"Occurrence"	"24"	"Occurrence"	"Occurrence"	"1072"	"Detection phase"	"Detection phase"	"Detection_Phase"	
"24"	"Occurrence"	"Occurrence"	"24"	"Occurrence"	"Occurrence"	"1073"	"Ground severity applied?"	"RAT ATM ground severity applied?"	"Ground_Severity_Applied"	
"24"	"Occurrence"	"Occurrence"	"24"	"Occurrence"	"Occurrence"	"1074"	"Ground severity"	"RAT ATM ground severity"	"Ground_Severity"	
"24"	"Occurrence"	"Occurrence"	"24"	"Occurrence"	"Occurrence"	"1075"	"Ground repeatability"	"RAT ATM ground repeatability"	"Ground_Repeatability"	
"24"	"Occurrence"	"Occurrence"	"24"	"Occurrence"	"Occurrence"	"1076"	"Overall severity applied?"	"RAT ATM overall severity applied?"	"Overall_Severity_Applied"	
"24"	"Occurrence"	"Occurrence"	"24"	"Occurrence"	"Occurrence"	"1077"	"Overall severity"	"RAT ATM overall severity"	"Overall_Severity"	
"24"	"Occurrence"	"Occurrence"	"24"	"Occurrence"	"Occurrence"	"1078"	"Overall repeatability"	"RAT ATM overall repeatability"	"Overall_Repeatability"	
"24"	"Occurrence"	"Occurrence"	"24"	"Occurrence"	"Occurrence"	"1079"	"Tech. severity applied?"	"RAT ATM specific/technical severity applied?"	"Spec_Tech_Severity_Applied"	
"24"	"Occurrence"	"Occurrence"	"24"	"Occurrence"	"Occurrence"	"1080"	"Spec./Tech. severity"	"RAT ATM specific/technical severity"	"Spec_Tech_Severity"	
"24"	"Occurrence"	"Occurrence"	"24"	"Occurrence"	"Occurrence"	"1081"	"Spec./Tech. repeatability"	"RAT ATM specific/technical repeatability"	"Spec_Tech_Repeatability"	
"24"	"Occurrence"	"Occurrence"	"24"	"Occurrence"	"Occurrence"	"1087"	"Authority occ. closure"	"Competent authority occurrence closure"	"Authority_Occ_Closure"	
"24"	"Occurrence"	"Occurrence"	"24"	"Occurrence"	"Occurrence"	"1088"	"Aviation sector"	"Related aviation sector"	"Aviation_Sector"	
"1"	"Aerodrome General"	"Aerodrome_General"	"24/1"	"Occurrence/Aerodrome General"	"Occurrence/Aerodrome_General"	"1"	"Aerodrome latitude"	"Aerodrome latitude"	"Aerodrome_Latitude"	
"1"	"Aerodrome General"	"Aerodrome_General"	"24/1"	"Occurrence/Aerodrome General"	"Occurrence/Aerodrome_General"	"2"	"Aerodrome longitude"	"Aerodrome longitude"	"Aerodrome_Longitude"	
"1"	"Aerodrome General"	"Aerodrome_General"	"24/1"	"Occurrence/Aerodrome General"	"Occurrence/Aerodrome_General"	"3"	"Area configuration"	"Helicopter landing area configuration"	"Area_Configuration"	
"1"	"Aerodrome General"	"Aerodrome_General"	"24/1"	"Occurrence/Aerodrome General"	"Occurrence/Aerodrome_General"	"4"	"Elevation above MSL"	"Aerodrome elevation above MSL"	"Elevation_Above_MSL"	
"1"	"Aerodrome General"	"Aerodrome_General"	"24/1"	"Occurrence/Aerodrome General"	"Occurrence/Aerodrome_General"	"5"	"Location indicator"	"Aerodrome location indicator"	"Location_Indicator"	
"1"	"Aerodrome General"	"Aerodrome_General"	"24/1"	"Occurrence/Aerodrome General"	"Occurrence/Aerodrome_General"	"7"	"Aerodrome status"	"Aerodrome status"	"Aerodrome_Status"	
"1"	"Aerodrome General"	"Aerodrome_General"	"24/1"	"Occurrence/Aerodrome General"	"Occurrence/Aerodrome_General"	"8"	"Surface type"	"Helicopter landing area surface type"	"Surface_Type"	
"1"	"Aerodrome General"	"Aerodrome_General"	"24/1"	"Occurrence/Aerodrome General"	"Occurrence/Aerodrome_General"	"9"	"Landing area type"	"Helicopter landing area type"	"Landing_Area_Type"	
"1"	"Aerodrome General"	"Aerodrome_General"	"24/1"	"Occurrence/Aerodrome General"	"Occurrence/Aerodrome_General"	"10"	"Aerodrome type"	"Aerodrome type"	"Aerodrome_Type"	
"1"	"Aerodrome General"	"Aerodrome_General"	"24/1"	"Occurrence/Aerodrome General"	"Occurrence/Aerodrome_General"	"641"	"Location on aerodrome"	"Location of the occurrence on or near the aerodrome"	"Location_On_Near_Aerodrome"	
"22"	"Narrative"	"Narrative"	"24/1/22"	"Occurrence/Aerodrome General/Narrative"	"Occurrence/Aerodrome_General/Narrative"	"424"	"Narrative language"	"The language of the narrative"	"Narrative_Language"	
"22"	"Narrative"	"Narrative"	"24/1/22"	"Occurrence/Aerodrome General/Narrative"	"Occurrence/Aerodrome_General/Narrative"	"425"	"Narrative text"	"The text of the narrative"	"Narrative_Text"	
"31"	"Runway"	"Runway"	"24/1/31"	"Occurrence/Aerodrome General/Runway"	"Occurrence/Aerodrome_General/Runway"	"499"	"Runway identifier"	"The identifier of a runway"	"Runway_Identifier"	
"31"	"Runway"	"Runway"	"24/1/31"	"Occurrence/Aerodrome General/Runway"	"Occurrence/Aerodrome_General/Runway"	"509"	"Surface type"	"Runway surface type"	"Surface_Type"	
"31"	"Runway"	"Runway"	"24/1/31"	"Occurrence/Aerodrome General/Runway"	"Occurrence/Aerodrome_General/Runway"	"1119"	"Runway Number"	"The identifier of the runway"	"Runway_Number"	
"48"	"Vehicle"	"Vehicle"	"24/1/48"	"Occurrence/Aerodrome General/Vehicle"	"Occurrence/Aerodrome_General/Vehicle"	"733"	"Type of vehicle"	"Type of aerodrome vehicle"	"Type_Of_Vehicle"	
"48"	"Vehicle"	"Vehicle"	"24/1/48"	"Occurrence/Aerodrome General/Vehicle"	"Occurrence/Aerodrome_General/Vehicle"	"743"	"Vehicle controlled"	"Vehicle being controlled by an ATS unit"	"Vehicle_Controlled"	
"2"	"Aerodrome Weather Reports"	"Aerodrome_Weather_Reports"	"24/2"	"Occurrence/Aerodrome Weather Reports"	"Occurrence/Aerodrome_Weather_Reports"	"177"	"Weather report"	"Aviation routine weather report (in aeronautical meteorological code)"	"Wx_Report"	
"3"	"Air Space"	"Air_Space"	"24/3"	"Occurrence/Air Space"	"Occurrence/Air_Space"	"13"	"Airspace class"	"Airspace class"	"Airspace_Class"	
"3"	"Air Space"	"Air_Space"	"24/3"	"Occurrence/Air Space"	"Occurrence/Air_Space"	"14"	"Airspace name"	"Airspace name"	"Airspace_Name"	
"3"	"Air Space"	"Air_Space"	"24/3"	"Occurrence/Air Space"	"Occurrence/Air_Space"	"15"	"Airspace type"	"Airspace type"	"Airspace_Type"	
"3"	"Air Space"	"Air_Space"	"24/3"	"Occurrence/Air Space"	"Occurrence/Air_Space"	"16"	"FIR/UIR name"	"Flight Information Region - name or Upper flight information region - name"	"FIR_UIR_Name"	
"3"	"Air Space"	"Air_Space"	"24/3"	"Occurrence/Air Space"	"Occurrence/Air_Space"	"17"	"Special activities"	"Special activities in airspace"	"Special_Activities"	
"22"	"Narrative"	"Narrative"	"24/3/22"	"Occurrence/Air Space/Narrative"	"Occurrence/Air_Space/Narrative"	"424"	"Narrative language"	"The language of the narrative"	"Narrative_Language"	
"22"	"Narrative"	"Narrative"	"24/3/22"	"Occurrence/Air Space/Narrative"	"Occurrence/Air_Space/Narrative"	"425"	"Narrative text"	"The text of the narrative"	"Narrative_Text"	
"4"	"Aircraft"	"Aircraft"	"24/4"	"Occurrence/Aircraft"	"Occurrence/Aircraft"	"21"	"Manufacturer/model"	"Aircraft make/model/series"	"Manufacturer_Model"	
"4"	"Aircraft"	"Aircraft"	"24/4"	"Occurrence/Aircraft"	"Occurrence/Aircraft"	"22"	"Aircraft altitude"	"The aircraft's altitude at the time of the occurrence"	"Aircraft_Altitude"	
"4"	"Aircraft"	"Aircraft"	"24/4"	"Occurrence/Aircraft"	"Occurrence/Aircraft"	"25"	"Aircraft flight level"	"Aircraft flight level at the time of the occurrence"	"A_C_Flight_Level"	
"4"	"Aircraft"	"Aircraft"	"24/4"	"Occurrence/Aircraft"	"Occurrence/Aircraft"	"29"	"Current traffic type"	"Current traffic type"	"Current_Traffic_Type"	
"4"	"Aircraft"	"Aircraft"	"24/4"	"Occurrence/Aircraft"	"Occurrence/Aircraft"	"32"	"Aircraft category"	"Aircraft category"	"Aircraft_Category"	
"4"	"Aircraft"	"Aircraft"	"24/4"	"Occurrence/Aircraft"	"Occurrence/Aircraft"	"33"	"Total cycles a/c"	"Aircraft total cycles"	"Total_Cycles_A_C"	
"4"	"Aircraft"	"Aircraft"	"24/4"	"Occurrence/Aircraft"	"Occurrence/Aircraft"	"46"	"ATS route name"	"ATS route name"	"ATS_Route_Name"	
"4"	"Aircraft"	"Aircraft"	"24/4"	"Occurrence/Aircraft"	"Occurrence/Aircraft"	"54"	"Call sign"	"Aircraft call sign"	"Call_Sign"	
"4"	"Aircraft"	"Aircraft"	"24/4"	"Occurrence/Aircraft"	"Occurrence/Aircraft"	"57"	"Clearance validity"	"Clearance validity"	"Clearance_Validity"	
"4"	"Aircraft"	"Aircraft"	"24/4"	"Occurrence/Aircraft"	"Occurrence/Aircraft"	"58"	"Cleared altitude"	"Cleared altitude"	"Cleared_Altitude"	
"4"	"Aircraft"	"Aircraft"	"24/4"	"Occurrence/Aircraft"	"Occurrence/Aircraft"	"60"	"Cleared flight level"	"Cleared flight level"	"Cleared_Flight_Level"	
"4"	"Aircraft"	"Aircraft"	"24/4"	"Occurrence/Aircraft"	"Occurrence/Aircraft"	"64"	"Controlling agency"	"Controlling agency"	"Controlling_Agency"	
"4"	"Aircraft"	"Aircraft"	"24/4"	"Occurrence/Aircraft"	"Occurrence/Aircraft"	"79"	"Current flight rules"	"Current flight rules"	"Current_Flight_Rules"	
"4"	"Aircraft"	"Aircraft"	"24/4"	"Occurrence/Aircraft"	"Occurrence/Aircraft"	"114"	"Total number fatalities"	"Total number of persons fatally injured on board the aircraft"	"Total_Number_Fatalities"	
"4"	"Aircraft"	"Aircraft"	"24/4"	"Occurrence/Aircraft"	"Occurrence/Aircraft"	"117"	"Filed flight rules"	"Filed flight rules"	"Filed_Flight_Rules"	
"4"	"Aircraft"	"Aircraft"	"24/4"	"Occurrence/Aircraft"	"Occurrence/Aircraft"	"118"	"Filed traffic type"	"Filed traffic type"	"Filed_Traffic_Type"	
"4"	"Aircraft"	"Aircraft"	"24/4"	"Occurrence/Aircraft"	"Occurrence/Aircraft"	"120"	"Flight number"	"Flight number (airline operation)"	"Flight_Number"	
"4"	"Aircraft"	"Aircraft"	"24/4"	"Occurrence/Aircraft"	"Occurrence/Aircraft"	"121"	"Flight phase"	"The flight phase in which the occurrence took place"	"Flight_Phase"	
"4"	"Aircraft"	"Aircraft"	"24/4"	"Occurrence/Aircraft"	"Occurrence/Aircraft"	"152"	"Total number of persons"	"Total number of persons on board the aircraft."	"Total_Number_Of_Persons"	
"4"	"Aircraft"	"Aircraft"	"24/4"	"Occurrence/Aircraft"	"Occurrence/Aircraft"	"165"	"Instr. appr. operations"	"Instrument approach operations"	"Instrument_Appr_Type"	
"4"	"Aircraft"	"Aircraft"	"24/4"	"Occurrence/Aircraft"	"Occurrence/Aircraft"	"166"	"Landing gear type"	"Landing gear type"	"Landing_Gear_Type"	
"4"	"Aircraft"	"Aircraft"	"24/4"	"Occurrence/Aircraft"	"Occurrence/Aircraft"	"167"	"Last departure point"	"Last departure point"	"Last_Departure_Point"	
"4"	"Aircraft"	"Aircraft"	"24/4"	"Occurrence/Aircraft"	"Occurrence/Aircraft"	"175"	"Maximum t/o mass"	"Maximum take-off mass"	"Maximum_T_O_Mass"	
"4"	"Aircraft"	"Aircraft"	"24/4"	"Occurrence/Aircraft"	"Occurrence/Aircraft"	"187"	"Total number minor injuries"	" Total number of persons with minor injuries on board the aircraft"	"Total_Number_Minor_Injuries"	
"4"	"Aircraft"	"Aircraft"	"24/4"	"Occurrence/Aircraft"	"Occurrence/Aircraft"	"209"	"Number of engines"	"Number of engines"	"Number_Of_Engines"	
"4"	"Aircraft"	"Aircraft"	"24/4"	"Occurrence/Aircraft"	"Occurrence/Aircraft"	"213"	"Occ. on ground"	"Occurrence on ground"	"Occ_On_Ground"	
"4"	"Aircraft"	"Aircraft"	"24/4"	"Occurrence/Aircraft"	"Occurrence/Aircraft"	"214"	"Operation type"	"Operation type"	"Operation_Type"	
"4"	"Aircraft"	"Aircraft"	"24/4"	"Occurrence/Aircraft"	"Occurrence/Aircraft"	"215"	"Operator"	"The name of the operator"	"Operator"	
"4"	"Aircraft"	"Aircraft"	"24/4"	"Occurrence/Aircraft"	"Occurrence/Aircraft"	"228"	"Planned destination"	"Planned destination"	"Planned_Destination"	
"4"	"Aircraft"	"Aircraft"	"24/4"	"Occurrence/Aircraft"	"Occurrence/Aircraft"	"232"	"Propulsion type"	"Aircraft propulsion type"	"Propulsion_Type"	
"4"	"Aircraft"	"Aircraft"	"24/4"	"Occurrence/Aircraft"	"Occurrence/Aircraft"	"244"	"Aircraft registration"	"Aircraft registration"	"Aircraft_Registration"	
"4"	"Aircraft"	"Aircraft"	"24/4"	"Occurrence/Aircraft"	"Occurrence/Aircraft"	"245"	"Rel wind direction"	"Relative wind direction"	"Rel_Wind_Direction"	
"4"	"Aircraft"	"Aircraft"	"24/4"	"Occurrence/Aircraft"	"Occurrence/Aircraft"	"254"	"Serial number"	"Aircraft serial number"	"Serial_Number"	
"4"	"Aircraft"	"Aircraft"	"24/4"	"Occurrence/Aircraft"	"Occurrence/Aircraft"	"262"	"Total number serious injuries"	"Total number of persons seriously injured on board the aircraft"	"Total_Number_Serious_Injuries"	
"4"	"Aircraft"	"Aircraft"	"24/4"	"Occurrence/Aircraft"	"Occurrence/Aircraft"	"264"	"SID route"	"Standard instrument departure route"	"SID_Route"	
"4"	"Aircraft"	"Aircraft"	"24/4"	"Occurrence/Aircraft"	"Occurrence/Aircraft"	"273"	"Speed (first event)"	"Speed at first event"	"Speed_First_Event"	
"4"	"Aircraft"	"Aircraft"	"24/4"	"Occurrence/Aircraft"	"Occurrence/Aircraft"	"276"	"Type of airspeed"	"Type of airspeed"	"Type_Of_Airspeed"	
"4"	"Aircraft"	"Aircraft"	"24/4"	"Occurrence/Aircraft"	"Occurrence/Aircraft"	"278"	"SSR mode"	"Secondary surveillance radar mode"	"SSR_Mode"	
"4"	"Aircraft"	"Aircraft"	"24/4"	"Occurrence/Aircraft"	"Occurrence/Aircraft"	"281"	"State of registry"	"Aircraft State of registry"	"State_Of_Registry"	
"4"	"Aircraft"	"Aircraft"	"24/4"	"Occurrence/Aircraft"	"Occurrence/Aircraft"	"291"	"Aircraft total time"	"Aircraft total time"	"Aircraft_Total_Time"	
"4"	"Aircraft"	"Aircraft"	"24/4"	"Occurrence/Aircraft"	"Occurrence/Aircraft"	"293"	"Turbulence intensity"	"Turbulence intensity"	"Turbulence_Intensity"	
"4"	"Aircraft"	"Aircraft"	"24/4"	"Occurrence/Aircraft"	"Occurrence/Aircraft"	"297"	"Flight plan type"	"Flight plan type"	"Flight_Plan_Type"	
"4"	"Aircraft"	"Aircraft"	"24/4"	"Occurrence/Aircraft"	"Occurrence/Aircraft"	"311"	"Visibility restrictions"	"Visibility restrictions"	"Visib_Restrictions"	
"4"	"Aircraft"	"Aircraft"	"24/4"	"Occurrence/Aircraft"	"Occurrence/Aircraft"	"313"	"Wake turb. category"	"Wake turbulence category"	"Wake_Turb_Category"	
"4"	"Aircraft"	"Aircraft"	"24/4"	"Occurrence/Aircraft"	"Occurrence/Aircraft"	"319"	"Mass group"	"Aircraft mass group"	"Mass_Group"	
"4"	"Aircraft"	"Aircraft"	"24/4"	"Occurrence/Aircraft"	"Occurrence/Aircraft"	"327"	"Year built"	"Year of aircraft manufacture"	"Year_Built"	
"4"	"Aircraft"	"Aircraft"	"24/4"	"Occurrence/Aircraft"	"Occurrence/Aircraft"	"643"	"Parts damaged"	"Parts of aircraft damaged"	"Parts_Damaged"	
"4"	"Aircraft"	"Aircraft"	"24/4"	"Occurrence/Aircraft"	"Occurrence/Aircraft"	"644"	"Parts struck"	"Parts of aircraft struck"	"Parts_Struck"	
"4"	"Aircraft"	"Aircraft"	"24/4"	"Occurrence/Aircraft"	"Occurrence/Aircraft"	"645"	"Species description"	"Bird / wildlife species description"	"Species_Description"	
"4"	"Aircraft"	"Aircraft"	"24/4"	"Occurrence/Aircraft"	"Occurrence/Aircraft"	"646"	"Birds/wildlife seen"	"Number of birds/wildlife seen"	"Birds_Wildlife_Seen"	
"4"	"Aircraft"	"Aircraft"	"24/4"	"Occurrence/Aircraft"	"Occurrence/Aircraft"	"647"	"Birds/wildlife struck"	"Number of birds/wildlife struck"	"Birds_Wildlife_Struck"	
"4"	"Aircraft"	"Aircraft"	"24/4"	"Occurrence/Aircraft"	"Occurrence/Aircraft"	"648"	"Bird size"	"Bird size"	"Bird_Size"	
"4"	"Aircraft"	"Aircraft"	"24/4"	"Occurrence/Aircraft"	"Occurrence/Aircraft"	"649"	"Pilot advised of birds"	"Pilot advised of birds"	"Pilot_Advised_Of_Birds"	
"4"	"Aircraft"	"Aircraft"	"24/4"	"Occurrence/Aircraft"	"Occurrence/Aircraft"	"816"	"Time deviating FL"	"Time spent deviating from cleared flight level"	"Time_Deviating_FL"	
"4"	"Aircraft"	"Aircraft"	"24/4"	"Occurrence/Aircraft"	"Occurrence/Aircraft"	"817"	"Cleared FL after"	"Cleared Flight Level after deviation."	"Cleared_FL_After"	
"4"	"Aircraft"	"Aircraft"	"24/4"	"Occurrence/Aircraft"	"Occurrence/Aircraft"	"1090"	"Type of Exempt A/c"	"Aircraft types - Exempt from EASA/RSO certification"	"Annex_2_A_C_Type"	
"13"	"Engine"	"Engine"	"24/4/13"	"Occurrence/Aircraft/Engine"	"Occurrence/Aircraft/Engine"	"387"	"Manufacturer/model"	"Manufacturer/model of engine involved"	"Manufacturer_Model"	
"13"	"Engine"	"Engine"	"24/4/13"	"Occurrence/Aircraft/Engine"	"Occurrence/Aircraft/Engine"	"389"	"Time since overhaul"	"Time since overhaul of the engine (Hours)"	"Time_Since_Overhaul"	
"13"	"Engine"	"Engine"	"24/4/13"	"Occurrence/Aircraft/Engine"	"Occurrence/Aircraft/Engine"	"653"	"Engine position"	"The position of the engine"	"Engine_Position"	
"13"	"Engine"	"Engine"	"24/4/13"	"Occurrence/Aircraft/Engine"	"Occurrence/Aircraft/Engine"	"654"	"Nature of engine involvement"	"Nature of engine involvement"	"Nature_Of_Engine_Involvement"	
"13"	"Engine"	"Engine"	"24/4/13"	"Occurrence/Aircraft/Engine"	"Occurrence/Aircraft/Engine"	"881"	"Engine serial number"	"Engine serial number"	"Engine_Serial_Number"	
"13"	"Engine"	"Engine"	"24/4/13"	"Occurrence/Aircraft/Engine"	"Occurrence/Aircraft/Engine"	"882"	"ATA chapter involved"	"ATA chapter of the engine component involved"	"ATA_Chapter_Involved"	
"13"	"Engine"	"Engine"	"24/4/13"	"Occurrence/Aircraft/Engine"	"Occurrence/Aircraft/Engine"	"883"	"Time since new"	"Engine - Time since new"	"Time_Since_New"	
"13"	"Engine"	"Engine"	"24/4/13"	"Occurrence/Aircraft/Engine"	"Occurrence/Aircraft/Engine"	"884"	"Time since inspection"	"Engine - Time since inspection"	"Time_Since_Inspection"	
"13"	"Engine"	"Engine"	"24/4/13"	"Occurrence/Aircraft/Engine"	"Occurrence/Aircraft/Engine"	"885"	"Cycles since new"	"Engine - Cycles since new"	"Cycles_Since_New"	
"13"	"Engine"	"Engine"	"24/4/13"	"Occurrence/Aircraft/Engine"	"Occurrence/Aircraft/Engine"	"886"	"Cycles since overhaul"	"Engine - Cycles since overhaul"	"Cycles_Since_Overhaul"	
"13"	"Engine"	"Engine"	"24/4/13"	"Occurrence/Aircraft/Engine"	"Occurrence/Aircraft/Engine"	"887"	"Cycles since insp"	"Engine - Cycles since inspection"	"Cycles_Since_Insp"	
"13"	"Engine"	"Engine"	"24/4/13"	"Occurrence/Aircraft/Engine"	"Occurrence/Aircraft/Engine"	"888"	"Date of manufacturing"	"Engine - Date of manufacturing"	"Date_Of_Manufacturing"	
"13"	"Engine"	"Engine"	"24/4/13"	"Occurrence/Aircraft/Engine"	"Occurrence/Aircraft/Engine"	"889"	"Date overhaul"	"Engine - Date overhaul"	"Date_Overhaul"	
"13"	"Engine"	"Engine"	"24/4/13"	"Occurrence/Aircraft/Engine"	"Occurrence/Aircraft/Engine"	"890"	"Date of inspection"	"Engine - Date of inspection"	"Date_Of_Inspection"	
"13"	"Engine"	"Engine"	"24/4/13"	"Occurrence/Aircraft/Engine"	"Occurrence/Aircraft/Engine"	"945"	"Hazard. eng effect"	"Hazardous engine effects"	"Hazard_Eng_Effect"	
"17"	"Flight Crew Member"	"Flight_Crew_Member"	"24/4/17"	"Occurrence/Aircraft/Flight Crew Member"	"Occurrence/Aircraft/Flight_Crew_Member"	"402"	"Category"	"Flight crew category"	"Category"	
"17"	"Flight Crew Member"	"Flight_Crew_Member"	"24/4/17"	"Occurrence/Aircraft/Flight Crew Member"	"Occurrence/Aircraft/Flight_Crew_Member"	"403"	"Duty last 24 hours"	"Flight crew member duty time last 24 hours"	"Duty_Last_24_Hours"	
"17"	"Flight Crew Member"	"Flight_Crew_Member"	"24/4/17"	"Occurrence/Aircraft/Flight Crew Member"	"Occurrence/Aircraft/Flight_Crew_Member"	"408"	"Rest before duty"	"Flight crew member rest period before duty"	"Rest_Before_Duty"	
"17"	"Flight Crew Member"	"Flight_Crew_Member"	"24/4/17"	"Occurrence/Aircraft/Flight Crew Member"	"Occurrence/Aircraft/Flight_Crew_Member"	"410"	"Experience all a/c"	"Flight crew member experience all aircraft categories total"	"Experience_All_A_C"	
"17"	"Flight Crew Member"	"Flight_Crew_Member"	"24/4/17"	"Occurrence/Aircraft/Flight Crew Member"	"Occurrence/Aircraft/Flight_Crew_Member"	"411"	"Experience this a/c"	"Flight crew member experience this aircraft total"	"Experience_This_A_C"	
"16"	"Flight Crew Licenses"	"Flight_Crew_Licenses"	"24/4/17/16"	"Occurrence/Aircraft/Flight Crew Member/Flight Crew Licenses"	"Occurrence/Aircraft/Flight_Crew_Member/Flight_Crew_Licenses"	"397"	"Validity"	"Flight crew license validity"	"Validity"	
"16"	"Flight Crew Licenses"	"Flight_Crew_Licenses"	"24/4/17/16"	"Occurrence/Aircraft/Flight Crew Member/Flight Crew Licenses"	"Occurrence/Aircraft/Flight_Crew_Member/Flight_Crew_Licenses"	"398"	"Ratings"	"Flight crew license ratings"	"Ratings"	
"16"	"Flight Crew Licenses"	"Flight_Crew_Licenses"	"24/4/17/16"	"Occurrence/Aircraft/Flight Crew Member/Flight Crew Licenses"	"Occurrence/Aircraft/Flight_Crew_Member/Flight_Crew_Licenses"	"399"	"License issued by"	"License issued by"	"License_Issued_By"	
"16"	"Flight Crew Licenses"	"Flight_Crew_Licenses"	"24/4/17/16"	"Occurrence/Aircraft/Flight Crew Member/Flight Crew Licenses"	"Occurrence/Aircraft/Flight_Crew_Member/Flight_Crew_Licenses"	"400"	"License type"	"Flight crew license, license type"	"License_Type"	
"16"	"Flight Crew Licenses"	"Flight_Crew_Licenses"	"24/4/17/16"	"Occurrence/Aircraft/Flight Crew Member/Flight Crew Licenses"	"Occurrence/Aircraft/Flight_Crew_Member/Flight_Crew_Licenses"	"639"	"Date of license"	"The date the license was obtained"	"Date_Of_License"	
"20"	"Incapacitation"	"Incapacitation"	"24/4/20"	"Occurrence/Aircraft/Incapacitation"	"Occurrence/Aircraft/Incapacitation"	"418"	"Person incapacitated"	"Person incapacitated - category"	"Person_Incapacitated"	
"20"	"Incapacitation"	"Incapacitation"	"24/4/20"	"Occurrence/Aircraft/Incapacitation"	"Occurrence/Aircraft/Incapacitation"	"419"	"Reason for incapacity"	"Reason for incapacitation"	"Reason_For_Incapacity"	
"22"	"Narrative"	"Narrative"	"24/4/22"	"Occurrence/Aircraft/Narrative"	"Occurrence/Aircraft/Narrative"	"424"	"Narrative language"	"The language of the narrative"	"Narrative_Language"	
"22"	"Narrative"	"Narrative"	"24/4/22"	"Occurrence/Aircraft/Narrative"	"Occurrence/Aircraft/Narrative"	"425"	"Narrative text"	"The text of the narrative"	"Narrative_Text"	
"26"	"Part Information"	"Part_Information"	"24/4/26"	"Occurrence/Aircraft/Part Information"	"Occurrence/Aircraft/Part_Information"	"485"	"Part name"	"Illustrated parts catalogue name of the component involved"	"Part_Name"	
"26"	"Part Information"	"Part_Information"	"24/4/26"	"Occurrence/Aircraft/Part Information"	"Occurrence/Aircraft/Part_Information"	"486"	"Part number - Component"	"Part number of the component involved"	"Part_Number"	
"26"	"Part Information"	"Part_Information"	"24/4/26"	"Occurrence/Aircraft/Part Information"	"Occurrence/Aircraft/Part_Information"	"657"	"Serial number"	"Serial number of the part involved"	"Serial_Number"	
"26"	"Part Information"	"Part_Information"	"24/4/26"	"Occurrence/Aircraft/Part Information"	"Occurrence/Aircraft/Part_Information"	"658"	"Manufacturer"	"Manufacturer of the part"	"Manufacturer"	
"26"	"Part Information"	"Part_Information"	"24/4/26"	"Occurrence/Aircraft/Part Information"	"Occurrence/Aircraft/Part_Information"	"659"	"ATA chapter number"	"ATA chapter number of the part involved"	"ATA_Chapter_Number"	
"26"	"Part Information"	"Part_Information"	"24/4/26"	"Occurrence/Aircraft/Part Information"	"Occurrence/Aircraft/Part_Information"	"660"	"Time since new"	"Part - Time since new"	"Time_Since_New"	
"26"	"Part Information"	"Part_Information"	"24/4/26"	"Occurrence/Aircraft/Part Information"	"Occurrence/Aircraft/Part_Information"	"661"	"Time since overhaul"	"Part - Time since overhaul"	"Time_Since_Overhaul"	
"26"	"Part Information"	"Part_Information"	"24/4/26"	"Occurrence/Aircraft/Part Information"	"Occurrence/Aircraft/Part_Information"	"662"	"Time since inspection"	"Part - Time since inspection"	"Time_Since_Inspection"	
"26"	"Part Information"	"Part_Information"	"24/4/26"	"Occurrence/Aircraft/Part Information"	"Occurrence/Aircraft/Part_Information"	"663"	"Cycles since new"	"Part - Cycles since new"	"Cycles_Since_New"	
"26"	"Part Information"	"Part_Information"	"24/4/26"	"Occurrence/Aircraft/Part Information"	"Occurrence/Aircraft/Part_Information"	"664"	"Cycles since overhaul"	"Part - Cycles since overhaul"	"Cycles_Since_Overhaul"	
"26"	"Part Information"	"Part_Information"	"24/4/26"	"Occurrence/Aircraft/Part Information"	"Occurrence/Aircraft/Part_Information"	"665"	"Cycles since insp"	"Part - Cycles since inspection"	"Cycles_Since_Insp"	
"26"	"Part Information"	"Part_Information"	"24/4/26"	"Occurrence/Aircraft/Part Information"	"Occurrence/Aircraft/Part_Information"	"666"	"Date of manufacturing"	"Part - Date of manufacturing"	"Date_Of_Manufacturing"	
"26"	"Part Information"	"Part_Information"	"24/4/26"	"Occurrence/Aircraft/Part Information"	"Occurrence/Aircraft/Part_Information"	"667"	"Date of overhaul"	"Part - Date of overhaul"	"Date_Of_Overhaul"	
"26"	"Part Information"	"Part_Information"	"24/4/26"	"Occurrence/Aircraft/Part Information"	"Occurrence/Aircraft/Part_Information"	"668"	"Date repair/insp"	"Part - Date of repair / inspection"	"Date_Repair_Insp"	
"26"	"Part Information"	"Part_Information"	"24/4/26"	"Occurrence/Aircraft/Part Information"	"Occurrence/Aircraft/Part_Information"	"1114"	"Life Controlled Part"	"Life Controlled Part"	"Life_Controlled_Part"	
"29"	"Propeller"	"Propeller"	"24/4/29"	"Occurrence/Aircraft/Propeller"	"Occurrence/Aircraft/Propeller"	"492"	"Make of propeller"	"The manufacturer of the propeller"	"Make_Of_Propeller"	
"29"	"Propeller"	"Propeller"	"24/4/29"	"Occurrence/Aircraft/Propeller"	"Occurrence/Aircraft/Propeller"	"493"	"Propeller model"	"The model of the propeller"	"Propeller_Model"	
"29"	"Propeller"	"Propeller"	"24/4/29"	"Occurrence/Aircraft/Propeller"	"Occurrence/Aircraft/Propeller"	"893"	"Prop serial"	"Propeller Serial Number"	"Prop_Serial"	
"29"	"Propeller"	"Propeller"	"24/4/29"	"Occurrence/Aircraft/Propeller"	"Occurrence/Aircraft/Propeller"	"894"	"ATA chapter involved"	"ATA chapter of the propeller component involved"	"ATA_Chapter_Involved"	
"29"	"Propeller"	"Propeller"	"24/4/29"	"Occurrence/Aircraft/Propeller"	"Occurrence/Aircraft/Propeller"	"895"	"Prop position"	"The position of the propeller"	"Prop_Position"	
"29"	"Propeller"	"Propeller"	"24/4/29"	"Occurrence/Aircraft/Propeller"	"Occurrence/Aircraft/Propeller"	"896"	"Prop involvement"	"Nature of the propeller involvement"	"Prop_Involvement"	
"29"	"Propeller"	"Propeller"	"24/4/29"	"Occurrence/Aircraft/Propeller"	"Occurrence/Aircraft/Propeller"	"899"	"Time since new"	"Propeller - Time since new"	"Time_Since_New"	
"29"	"Propeller"	"Propeller"	"24/4/29"	"Occurrence/Aircraft/Propeller"	"Occurrence/Aircraft/Propeller"	"900"	"Time since overhaul"	"Propeller - Time since overhaul"	"Time_Since_Overhaul"	
"29"	"Propeller"	"Propeller"	"24/4/29"	"Occurrence/Aircraft/Propeller"	"Occurrence/Aircraft/Propeller"	"901"	"Time since inspection"	"Propeller - Time since inspection"	"Time_Since_Inspection"	
"29"	"Propeller"	"Propeller"	"24/4/29"	"Occurrence/Aircraft/Propeller"	"Occurrence/Aircraft/Propeller"	"902"	"Cycles since new"	"Propeller - Cycles since new"	"Cycles_Since_New"	
"29"	"Propeller"	"Propeller"	"24/4/29"	"Occurrence/Aircraft/Propeller"	"Occurrence/Aircraft/Propeller"	"903"	"Cycles since overh"	"Propeller - Cycles since overhaul"	"Cycles_Since_Overh"	
"29"	"Propeller"	"Propeller"	"24/4/29"	"Occurrence/Aircraft/Propeller"	"Occurrence/Aircraft/Propeller"	"904"	"Cycles since insp"	"Propeller - Cycles since inspection"	"Cycles_Since_Insp"	
"29"	"Propeller"	"Propeller"	"24/4/29"	"Occurrence/Aircraft/Propeller"	"Occurrence/Aircraft/Propeller"	"905"	"Date of manufacturing"	"Propeller - Date of manufacturing"	"Date_Of_Manufacturing"	
"29"	"Propeller"	"Propeller"	"24/4/29"	"Occurrence/Aircraft/Propeller"	"Occurrence/Aircraft/Propeller"	"906"	"Date of overhaul"	"Propeller - Date of overhaul"	"Date_Of_Overhaul"	
"29"	"Propeller"	"Propeller"	"24/4/29"	"Occurrence/Aircraft/Propeller"	"Occurrence/Aircraft/Propeller"	"907"	"Date repair/insp"	"Propeller - Date of repair / inspection"	"Date_Repair_Insp"	
"29"	"Propeller"	"Propeller"	"24/4/29"	"Occurrence/Aircraft/Propeller"	"Occurrence/Aircraft/Propeller"	"946"	"Hazardous prop effects"	"Hazardous propeller effects"	"Hazardous_Prop_Effects"	
"10"	"Air Navigation Service"	"Air_Navigation_Service"	"24/10"	"Occurrence/Air Navigation Service"	"Occurrence/Air_Navigation_Service"	"363"	"APW alerting"	"Information on the alerting of an Area Proximity Warning System"	"APW_Alerting"	
"10"	"Air Navigation Service"	"Air_Navigation_Service"	"24/10"	"Occurrence/Air Navigation Service"	"Occurrence/Air_Navigation_Service"	"366"	"RIMCAS alerting"	"Runway Incursion Monitoring and Collision Alert System alerting"	"RIMCAS_Alerting"	
"10"	"Air Navigation Service"	"Air_Navigation_Service"	"24/10"	"Occurrence/Air Navigation Service"	"Occurrence/Air_Navigation_Service"	"369"	"MSAW current alerting"	"Minimum Safe Altitude Warning System alerting with current warning."	"MSAW_Current_Alerting"	
"10"	"Air Navigation Service"	"Air_Navigation_Service"	"24/10"	"Occurrence/Air Navigation Service"	"Occurrence/Air_Navigation_Service"	"372"	"ATS Unit name"	"ATS Unit name"	"ANSP_Name"	
"10"	"Air Navigation Service"	"Air_Navigation_Service"	"24/10"	"Occurrence/Air Navigation Service"	"Occurrence/Air_Navigation_Service"	"379"	"STCA current alerting"	"Short Term conflict alert system with current warning alerting"	"STCA_Current_Alerting"	
"22"	"Narrative"	"Narrative"	"24/10/22"	"Occurrence/Air Navigation Service/Narrative"	"Occurrence/Air_Navigation_Service/Narrative"	"424"	"Narrative language"	"The language of the narrative"	"Narrative_Language"	
"22"	"Narrative"	"Narrative"	"24/10/22"	"Occurrence/Air Navigation Service/Narrative"	"Occurrence/Air_Navigation_Service/Narrative"	"425"	"Narrative text"	"The text of the narrative"	"Narrative_Text"	
"33"	"Sector"	"Sector"	"24/10/33"	"Occurrence/Air Navigation Service/Sector"	"Occurrence/Air_Navigation_Service/Sector"	"526"	"Sector name"	"Sector name"	"Sector_Name"	
"33"	"Sector"	"Sector"	"24/10/33"	"Occurrence/Air Navigation Service/Sector"	"Occurrence/Air_Navigation_Service/Sector"	"527"	"Services provided"	"The services provided by sector"	"Services_Provided"	
"33"	"Sector"	"Sector"	"24/10/33"	"Occurrence/Air Navigation Service/Sector"	"Occurrence/Air_Navigation_Service/Sector"	"559"	"Workload controller"	"Workload (perceived by the controller)"	"Workload_Controller"	
"33"	"Sector"	"Sector"	"24/10/33"	"Occurrence/Air Navigation Service/Sector"	"Occurrence/Air_Navigation_Service/Sector"	"619"	"RTF frequency"	"RTF frequency"	"RTF_Frequency"	
"9"	"ATM staff"	"ATM_Staff"	"24/10/33/9"	"Occurrence/Air Navigation Service/Sector/ATM staff"	"Occurrence/Air_Navigation_Service/Sector/ATM_Staff"	"340"	"CISM offered"	"ATM person's CISM offered"	"CISM_Offered"	
"9"	"ATM staff"	"ATM_Staff"	"24/10/33/9"	"Occurrence/Air Navigation Service/Sector/ATM staff"	"Occurrence/Air_Navigation_Service/Sector/ATM_Staff"	"347"	"Duty time in position"	"ATM person's duty time in position"	"Duty_Time_In_Position"	
"9"	"ATM staff"	"ATM_Staff"	"24/10/33/9"	"Occurrence/Air Navigation Service/Sector/ATM staff"	"Occurrence/Air_Navigation_Service/Sector/ATM_Staff"	"357"	"Category"	"ATM person's category"	"Category"	
"14"	"Events"	"Events"	"24/14"	"Occurrence/Events"	"Occurrence/Events"	"390"	"Event type"	"Event type "	"Event_Type"	
"14"	"Events"	"Events"	"24/14"	"Occurrence/Events"	"Occurrence/Events"	"391"	"Phase"	"Event phase"	"Phase"	
"22"	"Narrative"	"Narrative"	"24/22"	"Occurrence/Narrative"	"Occurrence/Narrative"	"424"	"Narrative language"	"The language of the narrative"	"Narrative_Language"	
"22"	"Narrative"	"Narrative"	"24/22"	"Occurrence/Narrative"	"Occurrence/Narrative"	"425"	"Narrative text"	"The text of the narrative"	"Narrative_Text"	
"28"	"Precipitation and Other Weather Phenomena"	"Precipitation_And_Other_Weather_Phenomena"	"24/28"	"Occurrence/Precipitation and Other Weather Phenomena"	"Occurrence/Precipitation_And_Other_Weather_Phenomena"	"230"	"Phenomenon intensity"	"Weather phenomenon intensity"	"Phenomenon_Intensity"	
"28"	"Precipitation and Other Weather Phenomena"	"Precipitation_And_Other_Weather_Phenomena"	"24/28"	"Occurrence/Precipitation and Other Weather Phenomena"	"Occurrence/Precipitation_And_Other_Weather_Phenomena"	"299"	"Phenomenon type"	"Weather phenomenon type"	"Phenomenon_Type"	
"34"	"Separation"	"Separation"	"24/34"	"Occurrence/Separation"	"Occurrence/Separation"	"570"	"Horizontal rel mvmt"	"Information on the relative horizontal movement of the aircraft during the loss of separation"	"Horizontal_Rel_Mvmt"	
"34"	"Separation"	"Separation"	"24/34"	"Occurrence/Separation"	"Occurrence/Separation"	"574"	"Military a/c involved"	"Military aircraft involved in a loss of separation incident"	"Military_A_C_Involved"	
"34"	"Separation"	"Separation"	"24/34"	"Occurrence/Separation"	"Occurrence/Separation"	"575"	"Est minimum horiz sep"	"Minimum horizontal separation estimated"	"Est_Minimum_Horiz_Sep"	
"34"	"Separation"	"Separation"	"24/34"	"Occurrence/Separation"	"Occurrence/Separation"	"577"	"Req minimum horiz sep"	"Minimum horizontal separation prescribed"	"Req_Minimum_Horiz_Sep"	
"34"	"Separation"	"Separation"	"24/34"	"Occurrence/Separation"	"Occurrence/Separation"	"579"	"Min horiz sep rec"	"Minimum horizontal separation recorded"	"Min_Horiz_Sep_Rec"	
"34"	"Separation"	"Separation"	"24/34"	"Occurrence/Separation"	"Occurrence/Separation"	"581"	"Est vert separation"	"Minimum vertical separation estimated"	"Est_Vert_Separation"	
"34"	"Separation"	"Separation"	"24/34"	"Occurrence/Separation"	"Occurrence/Separation"	"583"	"Req vert separation"	"Minimum vertical separation prescribed"	"Req_Vert_Separation"	
"34"	"Separation"	"Separation"	"24/34"	"Occurrence/Separation"	"Occurrence/Separation"	"585"	"Vertical sep recorded"	"Minimum vertical separation recorded"	"Vertical_Sep_Recorded"	
"34"	"Separation"	"Separation"	"24/34"	"Occurrence/Separation"	"Occurrence/Separation"	"588"	"Rate of closure"	"Rate of closure in separation"	"Rate_Of_Closure"	
"35"	"Separation Aircraft"	"Separation_Aircraft"	"24/34/35"	"Occurrence/Separation/Separation Aircraft"	"Occurrence/Separation/Separation_Aircraft"	"565"	"ATM action"	"Avoiding action taken by ATM in loss of separation incident"	"ATM_Action"	
"35"	"Separation Aircraft"	"Separation_Aircraft"	"24/34/35"	"Occurrence/Separation/Separation Aircraft"	"Occurrence/Separation/Separation_Aircraft"	"566"	"A/c avoiding action"	"Avoiding action taken by aircraft in an incident involving a loss of separation"	"A_C_Avoiding_Action"	
"35"	"Separation Aircraft"	"Separation_Aircraft"	"24/34/35"	"Occurrence/Separation/Separation Aircraft"	"Occurrence/Separation/Separation_Aircraft"	"587"	"Other aircraft seen"	"Other aircraft sighted in loss of separation incident"	"Other_Aircraft_Seen"	
"35"	"Separation Aircraft"	"Separation_Aircraft"	"24/34/35"	"Occurrence/Separation/Separation Aircraft"	"Occurrence/Separation/Separation_Aircraft"	"591"	"Risk reduction a/c"	"Risk reduction a/c from avoiding action in separation"	"Risk_Reduction_A_C"	
"35"	"Separation Aircraft"	"Separation_Aircraft"	"24/34/35"	"Occurrence/Separation/Separation Aircraft"	"Occurrence/Separation/Separation_Aircraft"	"597"	"Height/altitude"	"The height or altitude at which the loss of separation occurred"	"Height_Altitude"	
"35"	"Separation Aircraft"	"Separation_Aircraft"	"24/34/35"	"Occurrence/Separation/Separation Aircraft"	"Occurrence/Separation/Separation_Aircraft"	"598"	"Vertical profile of separation"	"Vertical profile of the aircraft involved in a  separation occurrence."	"Vertical_Profile_Of_Separation"	
"35"	"Separation Aircraft"	"Separation_Aircraft"	"24/34/35"	"Occurrence/Separation/Separation Aircraft"	"Occurrence/Separation/Separation_Aircraft"	"610"	"RA type"	"Resolution Advisory type"	"RA_Type"	
"35"	"Separation Aircraft"	"Separation_Aircraft"	"24/34/35"	"Occurrence/Separation/Separation Aircraft"	"Occurrence/Separation/Separation_Aircraft"	"611"	"Pilot response to RA"	"Pilot response to Resolution Advisor"	"Pilot_Response_To_RA"	
"35"	"Separation Aircraft"	"Separation_Aircraft"	"24/34/35"	"Occurrence/Separation/Separation Aircraft"	"Occurrence/Separation/Separation_Aircraft"	"613"	"RA Classification"	"Resolution advisory Classification"	"RA_Classification"	
"36"	"Separation Traffic Info Type Quality"	"Separation_Traffic_Info_Type_Quality"	"24/34/35/36"	"Occurrence/Separation/Separation Aircraft/Separation Traffic Info Type Quality"	"Occurrence/Separation/Separation_Aircraft/Separation_Traffic_Info_Type_Quality"	"595"	"Traffic info quality"	"The quality of the traffic information provided"	"Traffic_Info_Quality"	
"43"	"Dangerous Goods"	"Dangerous_Goods"	"24/43"	"Occurrence/Dangerous Goods"	"Occurrence/Dangerous_Goods"	"688"	"Dangerous good"	"Dangerous good (Class number and UN number)"	"Dangerous_Good"	
"43"	"Dangerous Goods"	"Dangerous_Goods"	"24/43"	"Occurrence/Dangerous Goods"	"Occurrence/Dangerous_Goods"	"1051"	"Origin of goods"	"Origin of shipped goods"	"Origin_Of_Goods"	
"43"	"Dangerous Goods"	"Dangerous_Goods"	"24/43"	"Occurrence/Dangerous Goods"	"Occurrence/Dangerous_Goods"	"1052"	"Air Waybill/ Consignment"	"Dangerous goods Air Waybill/ Consignment/ Tracking Number"	"Air_Waybill_Consignment_Tracking_Number"	
"43"	"Dangerous Goods"	"Dangerous_Goods"	"24/43"	"Occurrence/Dangerous Goods"	"Occurrence/Dangerous_Goods"	"1053"	"Shipper name"	"Shipper name"	"Shipper_Name"	
"43"	"Dangerous Goods"	"Dangerous_Goods"	"24/43"	"Occurrence/Dangerous Goods"	"Occurrence/Dangerous_Goods"	"1054"	"Total number of packages"	"Total number of packages in consignment"	"Total_Number_Of_Packages_In_Consignment"	
"43"	"Dangerous Goods"	"Dangerous_Goods"	"24/43"	"Occurrence/Dangerous Goods"	"Occurrence/Dangerous_Goods"	"1055"	"Subsidiary risk"	"Subsidiary risk"	"Subsidiary_Risk"	
"43"	"Dangerous Goods"	"Dangerous_Goods"	"24/43"	"Occurrence/Dangerous Goods"	"Occurrence/Dangerous_Goods"	"1056"	"Type of outer packaging"	"Type of outer packaging"	"Type_Of_Outer_Packaging"	
"43"	"Dangerous Goods"	"Dangerous_Goods"	"24/43"	"Occurrence/Dangerous Goods"	"Occurrence/Dangerous_Goods"	"1057"	"Packing group/ Class 7"	"Packing group/ Class 7 Category"	"Packing_Group_Class_7_Category"	
"43"	"Dangerous Goods"	"Dangerous_Goods"	"24/43"	"Occurrence/Dangerous Goods"	"Occurrence/Dangerous_Goods"	"1058"	"Number of inner packages"	"Number of inner packages"	"Number_Of_Inner_Packages"	
"43"	"Dangerous Goods"	"Dangerous_Goods"	"24/43"	"Occurrence/Dangerous Goods"	"Occurrence/Dangerous_Goods"	"1059"	"Type of inner packaging"	"Type of inner packaging"	"Type_Of_Inner_Packaging"	
"43"	"Dangerous Goods"	"Dangerous_Goods"	"24/43"	"Occurrence/Dangerous Goods"	"Occurrence/Dangerous_Goods"	"1060"	"Quantity per inner pack."	"Quantity per inner packaging"	"Quantity_Per_Inner_Packaging"	
"47"	"Runway Incursion"	"Runway_Incursion"	"24/47"	"Occurrence/Runway Incursion"	"Occurrence/Runway_Incursion"	"741"	"Entity involved"	"Entities involved in a runway incursion"	"Entity_Involved"	
"53"	"Reporting history"	"Reporting_History"	"24/53"	"Occurrence/Reporting history"	"Occurrence/Reporting_History"	"438"	"Report identification"	"Report identification"	"Report_Identification"	
"53"	"Reporting history"	"Reporting_History"	"24/53"	"Occurrence/Reporting history"	"Occurrence/Reporting_History"	"447"	"Reporting entity"	"The identification of the entity that provided the report"	"Reporting_Entity"	
"53"	"Reporting history"	"Reporting_History"	"24/53"	"Occurrence/Reporting history"	"Occurrence/Reporting_History"	"476"	"Report source"	"Report source"	"Report_Source"	
"53"	"Reporting history"	"Reporting_History"	"24/53"	"Occurrence/Reporting history"	"Occurrence/Reporting_History"	"495"	"Reporting form type"	"Reporting form type"	"Reporting_Form_Type"	
"53"	"Reporting history"	"Reporting_History"	"24/53"	"Occurrence/Reporting history"	"Occurrence/Reporting_History"	"800"	"Report status"	"Report status"	"Report_Status"	
"53"	"Reporting history"	"Reporting_History"	"24/53"	"Occurrence/Reporting history"	"Occurrence/Reporting_History"	"801"	"Reporting date"	"Reporting date"	"Reporting_Date"	
"53"	"Reporting history"	"Reporting_History"	"24/53"	"Occurrence/Reporting history"	"Occurrence/Reporting_History"	"802"	"Report"	"Series of attachments to the report"	"Report"	
"53"	"Reporting history"	"Reporting_History"	"24/53"	"Occurrence/Reporting history"	"Occurrence/Reporting_History"	"1064"	"Parties informed"	"Parties informed"	"Parties_Informed"	
"53"	"Reporting history"	"Reporting_History"	"24/53"	"Occurrence/Reporting history"	"Occurrence/Reporting_History"	"1065"	"Risk classification"	"Reporting risk organisation classification"	"Risk_Classification"	
"53"	"Reporting history"	"Reporting_History"	"24/53"	"Occurrence/Reporting history"	"Occurrence/Reporting_History"	"1066"	"Risk methodology"	"Reporting organisation risk classification methodology"	"Risk_Methodology"	
"53"	"Reporting history"	"Reporting_History"	"24/53"	"Occurrence/Reporting history"	"Occurrence/Reporting_History"	"1067"	"Analysis / follow up"	"Description of occurrence analysis and follow up."	"Description_Investigation"	
"53"	"Reporting history"	"Reporting_History"	"24/53"	"Occurrence/Reporting history"	"Occurrence/Reporting_History"	"1068"	"Risk assessment"	"Risk assessment"	"Risk_Assessment"	
"53"	"Reporting history"	"Reporting_History"	"24/53"	"Occurrence/Reporting history"	"Occurrence/Reporting_History"	"1069"	"Risk mitig. action"	"Risk mitigation action"	"Corrective_Actions"	
"53"	"Reporting history"	"Reporting_History"	"24/53"	"Occurrence/Reporting history"	"Occurrence/Reporting_History"	"1070"	"Conclusions"	"Conclusions"	"Conclusions"	
"53"	"Reporting history"	"Reporting_History"	"24/53"	"Occurrence/Reporting history"	"Occurrence/Reporting_History"	"1071"	"Tracking sheet number"	"Tracking sheet number"	"Tracking_Sheet_Number"	
"53"	"Reporting history"	"Reporting_History"	"24/53"	"Occurrence/Reporting history"	"Occurrence/Reporting_History"	"1084"	"Report version"	"Report version"	"Report_Version"	
"53"	"Reporting history"	"Reporting_History"	"24/53"	"Occurrence/Reporting history"	"Occurrence/Reporting_History"	"1085"	"Other report inform."	"Other report information"	"Other_Report_Inform"	
"53"	"Reporting history"	"Reporting_History"	"24/53"	"Occurrence/Reporting history"	"Occurrence/Reporting_History"	"1086"	"Export control"	"Report subject to export control"	"Export_Control"	
"53"	"Reporting history"	"Reporting_History"	"24/53"	"Occurrence/Reporting history"	"Occurrence/Reporting_History"	"1091"	"Reporter’s language"	"Language of the reporter’s description of the event"	"Reporter_S_Language"	
"53"	"Reporting history"	"Reporting_History"	"24/53"	"Occurrence/Reporting history"	"Occurrence/Reporting_History"	"1092"	"Reporter’s description"	"Reporter’s description of the event"	"Reporter_S_Description"	
"59"	"Risk Assessment"	"Risk_Assessment"	"24/59"	"Occurrence/Risk Assessment"	"Occurrence/Risk_Assessment"	"718"	"Risk grade"	"Risk grade"	"Risk_Grade"	
"59"	"Risk Assessment"	"Risk_Assessment"	"24/59"	"Occurrence/Risk Assessment"	"Occurrence/Risk_Assessment"	"939"	"Risk method"	"Risk grading method"	"Risk_Method"	
"59"	"Risk Assessment"	"Risk_Assessment"	"24/59"	"Occurrence/Risk Assessment"	"Occurrence/Risk_Assessment"	"940"	"Risk level"	"Numerical risk level"	"Risk_Level"	
"59"	"Risk Assessment"	"Risk_Assessment"	"24/59"	"Occurrence/Risk Assessment"	"Occurrence/Risk_Assessment"	"1093"	"ERCS Row Score"	"ERCS Row Score"	"ERCS_Row_Score"	
"59"	"Risk Assessment"	"Risk_Assessment"	"24/59"	"Occurrence/Risk Assessment"	"Occurrence/Risk_Assessment"	"1094"	"ERCS Column Score"	"ERCS Column Score"	"ERCS_Column_Score"	
"59"	"Risk Assessment"	"Risk_Assessment"	"24/59"	"Occurrence/Risk Assessment"	"Occurrence/Risk_Assessment"	"1095"	"ERCS Score"	"ERCS Score"	"ERCS_Score"	
"59"	"Risk Assessment"	"Risk_Assessment"	"24/59"	"Occurrence/Risk Assessment"	"Occurrence/Risk_Assessment"	"1096"	"ERCS Num. Eq. Score"	"ERCS Numerical Equivalent Score"	"ERCS_Numerical_Equivalent_Score"	
"59"	"Risk Assessment"	"Risk_Assessment"	"24/59"	"Occurrence/Risk Assessment"	"Occurrence/Risk_Assessment"	"1097"	"Key Risk Area"	"Key Risk Area"	"Key_Risk_Area"	
"59"	"Risk Assessment"	"Risk_Assessment"	"24/59"	"Occurrence/Risk Assessment"	"Occurrence/Risk_Assessment"	"1098"	"ERCS Acft/Eqpm/Infr"	"ERCS Aircraft, Equipment and Infrastructure"	"Aircraft_Equipment_And_Infrastructure"	
"59"	"Risk Assessment"	"Risk_Assessment"	"24/59"	"Occurrence/Risk Assessment"	"Occurrence/Risk_Assessment"	"1099"	"ERCS Tactical Planning"	"ERCS Tactical Planning"	"Tactical_Planning"	
"59"	"Risk Assessment"	"Risk_Assessment"	"24/59"	"Occurrence/Risk Assessment"	"Occurrence/Risk_Assessment"	"1100"	"ERCS Regul/Proc/Compl"	"ERCS Regulations, Procedures and Compliance"	"Regulations_Procedures_And_Compliance"	
"59"	"Risk Assessment"	"Risk_Assessment"	"24/59"	"Occurrence/Risk Assessment"	"Occurrence/Risk_Assessment"	"1101"	"ERCS Awar.& Actions"	"ERCS Situational Awareness and Actions"	"Situational_Awareness_And_Actions"	
"59"	"Risk Assessment"	"Risk_Assessment"	"24/59"	"Occurrence/Risk Assessment"	"Occurrence/Risk_Assessment"	"1102"	"ERCS Warn/Sysop/Compl"	"ERCS Warning System Operation and Compliance"	"Warning_System_Operation_And_Compliance"	
"59"	"Risk Assessment"	"Risk_Assessment"	"24/59"	"Occurrence/Risk Assessment"	"Occurrence/Risk_Assessment"	"1103"	"ERCS Recovery Action"	"ERCS Recovery Action"	"Recovery_Action"	
"59"	"Risk Assessment"	"Risk_Assessment"	"24/59"	"Occurrence/Risk Assessment"	"Occurrence/Risk_Assessment"	"1104"	"ERCS Protections"	"ERCS Protections"	"Protections"	
"59"	"Risk Assessment"	"Risk_Assessment"	"24/59"	"Occurrence/Risk Assessment"	"Occurrence/Risk_Assessment"	"1105"	"ERCS Unspecified"	"ERCS Unspecified"	"Unspecified"	
"59"	"Risk Assessment"	"Risk_Assessment"	"24/59"	"Occurrence/Risk Assessment"	"Occurrence/Risk_Assessment"	"1106"	"ERCS Calc. Barrier Sc."	"ERCS Calculated Barrier Score"	"ERCS_Calculated_B_S"	
"59"	"Risk Assessment"	"Risk_Assessment"	"24/59"	"Occurrence/Risk Assessment"	"Occurrence/Risk_Assessment"	"1107"	"ERCS Final Barrier Sc."	"ERCS Final Barrier Score"	"ERCS_Final_B_S"	
"59"	"Risk Assessment"	"Risk_Assessment"	"24/59"	"Occurrence/Risk Assessment"	"Occurrence/Risk_Assessment"	"1109"	"ERCS Risk Grade"	"ERCS Risk Grade"	"ERCS_Risk_Grade"	
"59"	"Risk Assessment"	"Risk_Assessment"	"24/59"	"Occurrence/Risk Assessment"	"Occurrence/Risk_Assessment"	"1110"	"ERCS Comments"	"ERCS Comments"	"ERCS_Comments"	
"60"	"Ground Handling"	"Ground_Handling"	"24/60"	"Occurrence/Ground Handling"	"Occurrence/Ground_Handling"	"1115"	"GH Type of service"	"GH Type of service"	"GH_Type_Of_Service"	
"60"	"Ground Handling"	"Ground_Handling"	"24/60"	"Occurrence/Ground Handling"	"Occurrence/Ground_Handling"	"1116"	"GH Organisation"	"GH Organisation"	"GH_Organisation"	
"60"	"Ground Handling"	"Ground_Handling"	"24/60"	"Occurrence/Ground Handling"	"Occurrence/Ground_Handling"	"1117"	"Type of Ground staff"	"Type of Ground personnel involved "	"Type_of_Ground_staff"	
"60"	"Ground Handling"	"Ground_Handling"	"24/60"	"Occurrence/Ground Handling"	"Occurrence/Ground_Handling"	"1118"	"Location on ground"	"Location on ground"	"Location_On_Ground"	
"60"	"Ground Handling"	"Ground_Handling"	"24/60"	"Occurrence/Ground Handling"	"Occurrence/Ground_Handling"	"1120"	"Type of Equipment Involved"	"Type of Ground Equipment Involved"	"Type_Of_Equipment_Involved"	
"22"	"Narrative"	"Narrative"	"24/60/22"	"Occurrence/Ground Handling/Narrative"	"Occurrence/Ground_Handling/Narrative"	"424"	"Narrative language"	"The language of the narrative"	"Narrative_Language"	
"22"	"Narrative"	"Narrative"	"24/60/22"	"Occurrence/Ground Handling/Narrative"	"Occurrence/Ground_Handling/Narrative"	"425"	"Narrative text"	"The text of the narrative"	"Narrative_Text"	
